{
  "height": 78.470363288718929,
  "width": 141.79732313575525,
  "x": 0,
  "y": 0,
  "z": 5000
}