{
  "height": 262.94455066921608,
  "width": 680.0764818355641,
  "x": 0,
  "y": 457.055449330784,
  "z": 3000
}