{
  "height": 624.83412322274876,
  "width": 1157.1563981042652,
  "x": 10.616113744075829,
  "y": 0,
  "z": 0
}