{
  "height": 145.92734225621416,
  "width": 327.64818355640534,
  "x": 0,
  "y": 74.340344168260046,
  "z": 0
}