{
  "height": 173.46080305927342,
  "width": 397.85850860420652,
  "x": 258.8145315487572,
  "y": 16.520076481835563,
  "z": 8000
}