{
  "height": 220.26768642447419,
  "width": 680.0764818355641,
  "x": 0,
  "y": 236.78776290630975,
  "z": 4000
}