{
  "height": 235.4110898661568,
  "width": 117.01720841300191,
  "x": 141.79732313575525,
  "y": 1.3766730401529637,
  "z": 7000
}