{
  "height": 229.90439770554494,
  "width": 327.64818355640534,
  "x": 0,
  "y": 232.65774378585087,
  "z": 3000
}