{
  "height": 220.26768642447419,
  "width": 417.131931166348,
  "x": 327.64818355640534,
  "y": 0,
  "z": 1000
}