{
  "height": 487.34225621414913,
  "width": 406.11854684512429,
  "x": 327.64818355640534,
  "y": 232.65774378585087,
  "z": 5000
}