{
  "height": 300.11472275334609,
  "width": 300.11472275334609,
  "x": 980.19120458891018,
  "y": 0,
  "z": 1000
}