{
  "height": 158.31739961759084,
  "width": 141.79732313575525,
  "x": 0,
  "y": 78.470363288718929,
  "z": 6000
}