{
  "height": 720,
  "width": 300.11472275334609,
  "x": 680.0764818355641,
  "y": 0,
  "z": 2000
}