{
  "height": 419.88527724665391,
  "width": 300.11472275334609,
  "x": 980.19120458891018,
  "y": 300.11472275334609,
  "z": 0
}