{
  "height": 220.26768642447419,
  "width": 535.52581261950286,
  "x": 744.78011472275341,
  "y": 0,
  "z": 2000
}