{
  "height": 276.71128107074571,
  "width": 327.64818355640534,
  "x": 0,
  "y": 443.28871892925434,
  "z": 4000
}