{
  "height": 74.340344168260046,
  "width": 318.0114722753346,
  "x": 0,
  "y": 0,
  "z": 7000
}